,Model,F1,Balanced_Accuracy,Geo_Mean,log loss,Precision,Recall,Regular_Accuracy,AUCROC
0,LR-base,0.35463671603220354,0.6078929889674334,0.4922671860848958,0.35700861923929633,0.6027027027027027,0.25123222081396984,0.8387953721634639,0.832681940743999
0,RF-base,0.3911394931151467,0.6235258062467599,0.5177087810375455,0.34671735373353446,0.671003081136597,0.2760174623292494,0.8485029048115597,0.8543175329218412
0,XGB-base,0.5165474804590054,0.6912880216835463,0.6429787068264621,0.3160930671551632,0.6306598984771573,0.43740318265033096,0.8556532101891852,0.8781957320687426
0,LR-base+,0.7278115738574324,0.8126457063348269,0.7976187294422327,0.21926512930497802,0.8155916797762629,0.6570905506266723,0.9133522021947466,0.9491697769340065
0,RF-base+,0.7949760936273461,0.8719734273641987,0.8675643785960658,0.19519864846649232,0.8058449074074074,0.7843965638642445,0.92867073836834,0.9631302897619833
0,XGB-base+,0.7974033385647025,0.8735222566460272,0.8692338741998004,0.17327776717165072,0.8080092525661414,0.7870722433460076,0.9294900441928596,0.9671453179628768
